{
  "depthMin": -3.6700000762939453,
  "depthMax": 314.3605041503906,
  "original_x": 1936,
  "original_y": 9533
}