{
  "depthMin": -0.631843090057373,
  "depthMax": 88.67645263671875,
  "original_x": 5522,
  "original_y": 13283
}