{
  "depthMin": -13.758939743041992,
  "depthMax": 10.617340087890625,
  "original_x": 4411,
  "original_y": 13715
}