{
  "depthMin": -28.05838966369629,
  "depthMax": -15.08887004852295,
  "original_x": 1621,
  "original_y": 12080
}