{
  "depthMin": -37.48902130126953,
  "depthMax": -25.74323081970215,
  "original_x": 430,
  "original_y": 10774
}