{
  "depthMin": -12.779999732971191,
  "depthMax": 68.36000061035156,
  "original_x": 6064,
  "original_y": 6235
}