{
  "depthMin": -5.367984771728516,
  "depthMax": 185.20460510253906,
  "original_x": 2060,
  "original_y": 9380
}