{
  "depthMin": -5.384225845336914,
  "depthMax": 4.524176120758057,
  "original_x": 3406,
  "original_y": 7078
}