{
  "depthMin": -4.69161319732666,
  "depthMax": 4.897915840148926,
  "original_x": 6443,
  "original_y": 14595
}