{
  "depthMin": -20.940000534057617,
  "depthMax": 32.72999954223633,
  "original_x": 3884,
  "original_y": 8044
}