{
  "depthMin": -3.4031059741973877,
  "depthMax": 32.843379974365234,
  "original_x": 6366,
  "original_y": 14898
}