{
  "depthMin": -16.77082061767578,
  "depthMax": 5.649118900299072,
  "original_x": 5350,
  "original_y": 13904
}