{
  "depthMin": -30.506179809570312,
  "depthMax": -22.592880249023438,
  "original_x": 1471,
  "original_y": 12421
}