{
  "depthMin": -66.43000030517578,
  "depthMax": 260.01458740234375,
  "original_x": 2374,
  "original_y": 8848
}