{
  "depthMin": -20.672679901123047,
  "depthMax": -8.95969295501709,
  "original_x": 1456,
  "original_y": 11455
}