{
  "depthMin": -21.639999389648438,
  "depthMax": 88.29000091552734,
  "original_x": 3998,
  "original_y": 7632
}