{
  "depthMin": -9.979373931884766,
  "depthMax": 45.762691497802734,
  "original_x": 3849,
  "original_y": 7088
}