{
  "depthMin": -36.018001556396484,
  "depthMax": 89.37359619140625,
  "original_x": 5988,
  "original_y": 13535
}