{
  "depthMin": -10.08240032196045,
  "depthMax": 99.53616333007812,
  "original_x": 1726,
  "original_y": 7052
}