{
  "depthMin": -2.6525559425354004,
  "depthMax": 32.843379974365234,
  "original_x": 6632,
  "original_y": 14865
}