{
  "depthMin": -30.940000534057617,
  "depthMax": 294.9100036621094,
  "original_x": 5056,
  "original_y": 8373
}