{
  "depthMin": -10.304739952087402,
  "depthMax": 29.592580795288086,
  "original_x": 6054,
  "original_y": 14733
}