{
  "depthMin": -11.770000457763672,
  "depthMax": 43.5099983215332,
  "original_x": 7330,
  "original_y": 7375
}