{
  "depthMin": -17.049999237060547,
  "depthMax": 185.1999969482422,
  "original_x": 6666,
  "original_y": 8061
}