{
  "depthMin": -12.946610450744629,
  "depthMax": 129.90280151367188,
  "original_x": 3214,
  "original_y": 9339
}